athlete_id,athlete_name,session_seq,handedness,max_pelvis_rotation_at_stride_deg,torso_rotation_at_fp_deg,rear_shoulder_adduction_at_fp_deg,lead_hip_posterior_tilt_at_fp_deg,max_pelvis_rotation_velo_at_stride_dps,max_torso_rotation_velo_at_stride_dps,pelvis_rotation_at_swing_deg,lead_hip_posterior_tilt_at_swing_deg,lead_hip_adduction_at_fp_deg,lead_hip_adduction_at_swing_deg,pelvis_rotation_velo_at_swing_dps,torso_rotation_velo_at_swing_dps,upper_arm_rotation_velo_at_swing_dps,max_cog_velo_at_stride_mps,max_cog_velo_mps,cog_decel_mps,peak_pelvis_angular_velocity,peak_trunk_angular_velocity,peak_arm_angular_velocity,max_x_factor,pelvis_to_trunk_velocity_speedup,trunk_to_arm_velocity_speedup,attack_angle,on_plane_efficiency,swing_path_angle,hip_hinge,trunk_coil,trunk_tilt_at_launch,rear_scap_load_at_launch,linear_stretch,stride_length,lead_knee_angle_at_ball_contact,time_to_ball_contact,time_to_launch,fault_drifting_forward,fault_excessive_lateral_pelvis_tilt,fault_knee_dominant_swing,fault_vertical_pelvis_hike,fault_sway_leg,fault_leads_with_wrist,fault_rear_elbow_drag,fault_hand_push,fault_crashing,bat_speed_sd_mph,attack_angle_sd_deg,time_to_contact_sd_s,peak_arm_av_sd_dps,peak_trunk_av_sd_dps,max_x_factor_sd_deg,blast_bat_speed_mph,blast_peak_hand_speed_mph,blast_rotational_acceleration_g,blast_time_to_contact_s,blast_attack_angle_deg,blast_on_plane_efficiency_pct,blast_vertical_bat_angle_deg,blast_power_kw,blast_early_connection_deg,blast_connection_at_impact_deg
s00,s00 synthetic_batter_00,1,right,83.0659413668226,-21.83755894230321,-36.620386117944534,1.33867889505456,436.05941231302336,387.81666871913274,77.70901819529576,4.7750256494111465,6.609142951243253,32.04738625176537,541.2656634008845,636.8649000379717,891.167789436445,0.8495435419847503,0.7295809622246081,0.6478064767985818,541.9662180765314,601.4205280001071,904.9968526285082,16.133934483467247,1.0748790840458287,1.3327551764251562,-0.7231807459900486,87.60446316876609,-8.557371446592496,60.3993019792548,13.264750323332528,5.551047612320369,2.471188606966408,0.6415717199589119,1.0722970651805093,5.1711215754502575,0.7403567339692638,0.4454860494489141,0,0,0,0,0,0,0,0,0,2.276225703667584,4.582138434753514,0.019239629508581546,115.9586352689783,52.19195319827927,5.6723880933669175,50.49106189980379,14.567881158244948,15.206604909191144,0.16777548511594306,0.7540244377390437,87.6444097133058,-31.842171663550427,2.777954703442192,93.58923657676627,85.69843619632525
s01,s01 synthetic_batter_01,1,right,41.24989257950207,-13.10258716954288,-12.9450604843183,4.555960418298204,385.9191162961758,232.8537229692975,51.211789787918015,13.555009407307038,16.605549956720644,13.730935352253471,438.37901687442934,544.4949257621944,783.6106787255176,0.42980758067413033,0.9099809117353281,0.40232905180380385,432.9483629189624,527.5060782947642,831.1955589370233,22.48630470851671,0.964344173932233,0.9269604619263385,0.6243324048957373,80.02218879534342,-10.682027458490094,42.618147580503766,28.593721436614196,4.078222799689797,1.9285949519513723,0.6683921527624163,0.9972574681294181,-26.073774562304475,0.9855666150388337,0.714348234049254,0,1,0,0,0,0,0,0,0,3.0132284185072433,5.959644098552743,0.0178156899853192,230.1477061650191,73.52516618438418,6.022543960247384,42.28358008111728,15.864460311138116,13.113741147127243,0.18963788055093883,-2.1406299684523127,83.98642438793182,-33.74192175531161,1.6939157615306137,81.92750741754224,84.10407308763185
s02,s02 synthetic_batter_02,1,right,29.217642321206725,-15.701356481691542,-63.4187480535294,17.665718930731963,388.84227855511205,405.98421848573287,63.06916953130951,4.962237161642372,17.961436846594182,11.865867210424124,562.242645009607,641.8773535624638,862.9860071008768,0.9626569039251397,0.8856814961286215,0.8040057177599331,557.0074243336169,623.1392513160084,856.8649720526283,12.098627584324445,1.215468604316149,1.534437528733878,16.79919166759455,82.11889696305816,8.334159651973895,41.93449926466392,22.767102196949825,0.8798340018911759,3.609355238219272,0.7266943833178932,1.0489245481129512,-20.68545592699124,0.6956850439977212,0.47338425627770087,0,0,0,0,0,0,0,0,0,2.5205669812210254,5.110682877867338,0.013047922166953203,106.368617841563,20.03155763406452,4.494543619083134,54.5805860465316,17.840835431669205,15.288599809670085,0.15373543016661212,16.69439671215762,79.66963592011241,-25.863544266789038,3.567012129197987,95.47853866670476,101.54411021658782
s03,s03 synthetic_batter_03,1,right,13.724903327388546,-16.929543573520306,-31.582406218727442,-7.987421774271825,330.87360085594946,520.886952857583,66.464357933354,-1.0245310635423746,34.94346524893132,25.833343286078616,544.1745282348033,658.4388270209712,875.1619760993561,0.6659199168401787,1.043225065547934,0.8267880770740402,553.9377931427913,698.1932288872164,897.1700759404138,16.49208274603512,1.1408996238853617,1.6225726873930872,13.551458916736776,86.97736018028067,-0.36282489184536204,78.41385220206608,33.26842803471906,-14.101404045389945,0.923461869567072,0.8661616181570824,0.927328783230316,5.684174736172821,0.9117675337033382,0.5854331442907602,0,0,0,0,0,0,1,0,0,2.4323170736262125,4.440375382680957,0.012110102876247354,141.88673459224498,38.579792398713565,5.75324490359146,51.142162701524946,16.935271651923696,18.986000610404854,0.10314142166116833,13.72009533190643,77.91441834743746,-36.25103687569529,3.4745295061026655,87.08340337316933,98.6590780818242
s04,s04 synthetic_batter_04,1,right,35.05104853003436,-16.920996083536146,-37.624681352585725,-8.771272164837832,111.52129664223037,335.8177637844148,45.88278980467096,3.208276514861368,24.251647581888783,22.903755636647404,464.3507206098484,512.0041597407579,659.412881458188,0.7319934290940279,0.5381470156575437,0.34740731358911364,499.3803774856958,521.9128581092557,631.290118222276,18.275803944403513,0.8388427539345168,1.2955757818241778,2.090752081179142,73.44951683347477,0.278125483683902,47.365895874766565,15.981508295800865,4.522404210214927,1.4238694550917033,0.6436684070920593,1.01864575131329,-18.396160620485706,1.0560182065400903,0.6846572433582472,1,0,0,1,1,1,1,0,0,6.5,6.653826843413896,0.008453697412199245,212.3346113434844,79.96567043797026,4.826573944248374,35.887610581094016,10.653617446871428,8.440779102700105,0.15235832942585714,4.2060651959431565,74.79131177356739,-30.43417196333825,1.951698957798403,79.01213038890077,86.71242487076796
s05,s05 synthetic_batter_05,1,right,22.50774653022933,-9.565736482222091,-36.273650321374554,-11.00639199303572,238.56617101054619,360.6520399416471,60.70537832910928,12.735810732473945,16.930531056797513,16.19013240457699,432.03710492403013,371.8925847742656,550.8986587493969,0.656854279094051,0.6754154899210135,0.33431595423206273,436.56996037056564,365.54057069793373,546.1240107783218,17.150838858568914,1.043021075635802,1.1031252148990105,9.191207838410982,72.34587629855972,-3.854134191177497,34.84688339802077,13.945480357714608,10.954864477599235,2.9917379672438447,0.72267527713332,0.8950867579315887,-25.320486267056452,0.9210167034618049,0.6075742197641718,0,0,0,0,1,0,0,1,0,2.816536083252121,4.197533401388617,0.017085096299336015,227.18437476115605,87.11907335664746,4.933782032199227,36.406931115705014,12.516946933639208,14.375966426971747,0.1809609267457385,13.78996284546739,75.97249661429285,-31.660150144181873,1.5417012707830091,83.57014231344768,88.86533107002367
s06,s06 synthetic_batter_06,1,left,34.63189821807469,-13.5776529739314,-54.71994580129595,-1.893778320243558,385.5967119492847,440.690870033922,54.35365217882248,-1.5659260347099417,20.34291859272323,33.408056209333054,451.85964487509966,563.5225092439933,826.4739320865648,0.5010827129188391,0.7879615317676439,1.0498825280582467,429.0735542966674,578.484092476085,761.6373913542387,12.461059225711445,0.9893052014971925,1.4686642467274276,-1.7367045406632524,81.50304443715805,-3.0372264946606182,36.86400382609827,33.061591833973296,4.054225235952714,1.808668404725584,0.7659905500002735,0.8686933182173318,-16.41896289102049,0.8252261601165268,0.5574225097541972,0,0,0,0,0,0,0,0,1,3.120915375450744,4.267750984011551,0.01007422984225171,142.70304270794497,51.083026750133925,4.604699819231365,49.40985164781306,15.354633214121765,15.820163084552744,0.15420731791095615,-0.7653253374652138,84.3797810961959,-39.78357976068042,3.4029060858861375,72.94672926435027,86.55651487752392
s07,s07 synthetic_batter_07,1,right,29.81836135917915,6.904200939190414,-43.42685207629452,8.485035504246197,373.93236564740795,454.3254574071544,54.1493914791526,-1.5816722039908573,18.11129851389534,11.255738190870243,478.52394571991914,421.69821909891846,597.0723921231129,0.6686233975697187,0.6035936712539277,0.6698069376417097,499.13462227954363,358.4824486790278,503.2986597863579,15.25965064065196,0.9842185188323825,1.4627103183106023,6.618252537374527,83.10945462850357,3.787304093436,33.36505282313059,31.015485291388305,23.483049468232878,0.5325391222483142,0.7881891406362044,0.8836090976188703,-0.2274334809896903,0.9072092910346354,0.5558116258883459,0,1,0,1,0,0,0,0,0,3.6888189014771235,2.779379810013568,0.008496663458220751,150.43644937836834,64.39256243815359,3.9944862244977815,40.970375279672226,12.770508281046114,13.356068636105551,0.1,5.268781779842126,85.22038793569077,-38.59515091834256,2.2587924014101235,86.82403408217922,95.52495411036311
s08,s08 synthetic_batter_08,1,right,37.90980560490824,0.5418926649782403,-22.318517222648858,9.641633055664904,596.9532993451814,350.09667944415094,75.5380546125527,10.397674886881418,16.167807167082817,20.951402405328693,273.4584419364132,581.4010056593904,672.5087689676859,0.8172747941109672,0.9320192030715724,0.5258360991747723,296.487210596283,580.1069979701632,710.2194010166969,14.974012326719915,1.0763374664851364,1.5992112420658793,8.107551549988553,77.61735959746636,-2.1940227121712925,56.16233552767338,36.770614407252964,8.1070065017269,3.282025060978296,1.0007858054358798,1.3057617658827017,1.9853338352050045,0.5230390958125037,0.5446717651496991,1,0,0,0,0,0,0,0,0,3.007927754058089,1.9101480293010908,0.021729078785030016,174.23287532848244,47.6895307505291,5.627590603808142,50.46234936113588,16.881154147353794,13.0470739442018,0.18364483312537905,10.075262655234065,75.87442476769142,-31.940444918756842,2.937478082556441,86.9864950725675,88.79533846025055
s09,s09 synthetic_batter_09,1,right,51.41450727717613,-18.967135893011474,-29.116197082696523,6.30672640885413,469.9963651449847,477.2103860587102,45.017171925463245,3.224110043884222,7.539247298328922,17.937865438445826,458.04787788372977,532.5700589050568,813.7230837242787,0.8051259522943909,0.8560440070733601,0.7091556908429606,474.41436609492445,592.4954842391998,774.3232866153011,14.405661930378749,0.9647612278481464,1.1400730295327461,1.654574199141222,74.00173997512563,1.1841636281483963,39.62573734136336,53.65309877363802,18.328232441473084,3.615753670554219,0.8950653491882974,0.613304378187352,-27.04941092454927,0.9153098970202964,0.5057782868835977,0,0,0,0,0,0,1,1,0,3.561193084332529,6.101906048457959,0.019004848874553563,228.41367575895111,83.46581368219049,5.031530422819612,43.7629394419113,12.049343543339257,19.451225429854745,0.16666163319631777,-0.09105754301593061,69.96800871789767,-22.09400000656518,3.5198996616268468,91.51175649206809,87.97593769223765
s10,s10 synthetic_batter_10,1,right,46.20451266207004,-20.536353523492114,-19.595643918338983,-6.383849347659671,384.81808306172377,558.62595949177,35.54608380452948,12.176549943906966,17.438805692244195,25.858495144221074,264.93147598449,696.1222760829648,893.9777898087666,0.7851437841202342,0.9970674318019808,0.7285029426777447,283.5689486476146,700.0926712750451,875.7566760086294,13.973043788482764,1.1712934806283786,1.3848297620913812,12.131841715986205,77.09354892116414,-3.1760257870700954,47.57596632867941,35.37080087958499,10.091363301839747,2.658152170161026,0.8835047048783874,1.0698025872177697,-12.854842394669058,0.8053657342437313,0.4923692331024646,0,0,0,0,0,0,0,0,0,1.6437436546722362,2.86211423300379,0.011465785425214927,239.3580870359424,67.18120371409915,2.268584750900022,48.29790737781607,17.37176379272232,13.30466248550501,0.12743866201336806,9.548497976013632,79.85219026638305,-29.103650940505943,3.244268163078698,78.36065560437133,96.06740692565364
s11,s11 synthetic_batter_11,1,right,41.23014386300636,-29.8714517150166,-26.761933542271038,-14.50568315497301,498.9997311419364,526.3241868420295,81.24088237420014,6.825411186935517,12.018787211938442,28.92378003514863,389.07278747415194,699.687544538215,948.7912551607271,1.0914241186538012,1.1783491941012434,0.6933175837523043,382.2995842202067,701.7249396132951,893.3335650299194,16.216083153552486,1.0218150578957226,1.5331214971707414,2.5103723255357338,88.81819012961436,-4.052917344392283,45.175066323954276,37.57007414663615,14.611258479146063,0.38119589779927,0.825225584643901,0.681867118273993,-11.619096517402948,0.8162039533158979,0.6846181492913577,0,0,0,0,0,0,0,0,0,2.6611479414304076,5.050064849857923,0.008873648651463013,93.75141578973484,67.98162655894932,3.8661458436182743,55.78877334957777,18.071274529533536,16.3681308814462,0.1700193773405568,-1.8893998543553785,90.95042721060574,-40.62817412572316,3.123575193331217,95.91652150235812,91.32401103713889
s12,s12 synthetic_batter_12,1,right,25.477877430298708,-20.1102378002726,-34.27909355883905,5.572789100403336,386.59734819807545,507.9385477085514,89.42055696633824,11.62903702294957,6.862993344975582,15.134149592047478,503.08944409147097,596.7463301688615,728.6734693904275,0.9433792312745618,1.0980469208146548,0.751181462484682,479.86471491320646,613.1901815581274,672.2746812670724,8.711733346959644,0.9996991910651687,1.3645768764671917,11.081115616659599,87.04223317534942,-10.441484993611173,53.81314591195466,17.488991647201363,10.233932431468498,3.3458948809766063,0.802783791373799,0.9332887205646538,-26.260982477493986,0.9285015822232595,0.5382786746504912,0,0,0,1,0,0,0,1,0,3.3907854822543384,5.890262714829685,0.015408644493715283,180.80354822764457,69.42814732954022,4.68010486289537,47.20045462710369,16.64127853120969,11.934161515910292,0.13881530104685175,7.168294630408596,84.23773772113029,-47.55244032559669,2.761982681248991,92.86629715149503,89.77399562242535
s13,s13 synthetic_batter_13,1,right,21.10939976788835,-16.454757471497736,-20.30554140585418,2.3238304072265814,462.07412410353203,534.9165110272851,59.4188414717861,-0.834248446083425,23.592450633718055,33.85174321872674,551.5038630214723,609.9595492780767,720.5454781391287,0.7808227511918473,0.8235958796163492,0.558209651145511,529.7990272554528,636.827706577507,713.591970135344,17.82567439845246,1.0495186735366664,1.261701556063658,13.529162077134421,89.11395546595863,-13.86649437420277,36.242692629995545,17.57449933429831,18.950277055228504,0.8189162866126674,0.9280987081484314,0.9141047259015177,-12.265278223734235,0.8008603159097593,0.45540080511850317,0,0,0,1,0,0,0,0,0,2.653617764919644,2.8500522905827212,0.016268733191776248,102.2935607762973,28.045288071234346,4.773072288979401,51.737002343188664,15.26533704187779,21.389444997507837,0.1279531682239499,11.288049186823741,94.66107641191891,-28.334732034978103,2.613052985016327,96.96457761684871,93.08956279124581
s14,s14 synthetic_batter_14,1,right,35.145169363771835,-6.73638574154492,-35.68553652275869,9.718832128107426,465.3098327207481,673.0533552300578,39.511524827189184,6.465427810630953,21.924489198983103,26.324159606670083,412.90485662239706,637.1685858404304,760.5787017233944,0.9232609304181492,0.9163606035639293,0.7603263830277579,372.0182754109506,577.2445850537346,731.3956139579685,17.755172320686043,1.0243897145685725,1.4545158094619548,-14.661204587824216,91.55693469449753,-3.5693714063984108,32.71884026175429,49.73221999474789,8.447514801059206,2.9752745595253445,0.9337017498402129,0.5991079456397106,-13.535625923592997,0.7026471014848545,0.4919417394533811,0,0,0,0,0,0,0,0,0,3.219081502629656,4.916204599341996,0.008306700102263085,199.18527862185002,52.95234243453614,4.621052322073672,50.84013052108721,15.161043617914077,17.49221649932667,0.15853579732127912,-17.605679007076393,87.14260712175953,-32.481067414641,2.184251078526229,88.39498049649832,96.39384106571215
s15,s15 synthetic_batter_15,1,right,35.3636046633585,-17.92049450759252,-25.768730911337883,10.086060660081635,424.8948875087868,398.90948909788915,53.35235309795894,3.3023989098373554,1.226873035047646,5.0056536347661655,384.61333517547297,498.42356435333716,697.925947207502,1.052145620927656,0.5986435793403697,0.87500427726864,390.5370504641217,447.95376989960636,713.0447871272899,12.346018630152026,1.102228157928812,1.3734143557861924,14.501483407414302,80.17159499552642,-1.661019848040604,46.64692507841048,17.07983769573162,11.968965664710286,1.2503297117254395,0.7151680410608058,0.9876774096235735,-4.3298404193202735,0.8647477825575505,0.671681495257775,0,0,0,0,0,0,0,0,0,4.652371043757963,4.285601562868788,0.01629421840388238,152.7579264899806,72.91373980379063,5.958164835980373,40.63590169757629,11.609208277304637,10.36299356145533,0.20440164240435907,15.284574725851096,77.25397810157122,-26.29367015244815,2.0372965680324224,92.60126963555373,98.87719930420364
s16,s16 synthetic_batter_16,1,left,66.9568432771941,-21.723318861650824,-45.310778018319475,6.727909870828466,411.142386047098,438.08741471219366,58.05103131631847,-3.174573700164361,17.233248648371568,6.188806873053487,577.795225790073,600.2835233255083,784.1329732225809,1.1431092271192016,0.8371592791741411,0.7684296074789629,575.7090062094081,606.5922620580927,802.2345099817645,9.256430804134968,1.122892895611327,1.3940084215870163,-15.86935877377621,87.19093457889076,-9.716780220252746,52.61786420276674,18.61077646530961,10.93066346920035,1.2248132599734884,0.8674510789722971,0.8962502760920674,0.13526343157739618,0.8444582307172777,0.6112650199850833,0,0,0,0,0,0,0,0,0,3.579708406939839,1.8255699153343352,0.017655621909522724,135.41129505777283,58.12811971838149,4.609961715984055,47.98445704489164,15.655383461563133,16.208199531279337,0.18851354786127747,-18.8678633383363,95.37306064059908,-36.40358960355721,3.135462789841269,80.00597070802158,95.01486102432516
s17,s17 synthetic_batter_17,1,right,37.5491378909518,-29.260228768921806,-35.741852969059806,10.469304922891594,459.7216343963031,328.5139301747594,54.37391307019787,-7.516969146203962,26.05339898997457,23.439876974676352,395.4695769582488,590.7206275630695,789.7937787009555,0.452812514008871,0.5946888521888565,0.48168310357948363,384.4698843450061,569.2743307061442,802.6277645539398,17.030805047949883,1.1501413602807564,1.3076277191713181,0.3103395654896408,81.26951703046475,-2.206849190207797,47.81972656657509,27.238974206936,5.693716334981449,1.7502902298475171,0.5829152405005423,0.5452573492757367,-21.7017153542652,0.897676569289362,0.6197822002164974,0,0,0,0,0,1,0,0,0,3.586928171699865,5.379345565780797,0.006215557277827274,168.61029950398395,82.98015605626871,5.129320676960652,45.06827011809062,14.501026400090893,12.907415246427304,0.17283085186866046,-7.548826189572219,85.61242671913432,-30.248937510707368,3.0231860695881045,90.70410811639286,93.87188889233384
s18,s18 synthetic_batter_18,1,right,58.015132521075955,-19.504193093702263,-52.52846403969142,8.225470589538485,368.23853438795135,392.0808853980732,50.417167089768924,12.478064108785395,28.275834090759023,24.133002523802613,658.5084346662991,592.5054694474046,778.5664608937929,0.6379055983527216,1.2039637987167644,0.6619262518866613,584.6179640576723,631.866227314002,788.1104925309306,18.24375256583569,1.2903062637974931,1.3795687580476441,16.69921232410814,85.87959334699637,-1.677484622056988,36.38938486511737,31.047838844202545,11.239858551397415,2.4953150398277644,0.9058596602311408,1.129693177570872,-14.850559985203112,0.8369111369835608,0.5113624851597607,0,0,0,0,0,0,0,0,0,1.5382411752613767,3.2294791613009655,0.011319715536083595,147.265308470312,85.56311024191163,2.6617754556786917,49.66278156724378,15.334795918440594,14.18088323721029,0.15681008339664537,14.089432887634475,84.08954681754126,-27.769132684860686,2.962410771808706,84.83762464971831,91.43731879594901
s19,s19 synthetic_batter_19,1,right,32.63086873244034,-23.583736751614676,-26.41101196728715,9.649207985955758,417.56184007631924,325.28029476549716,66.45465984156513,3.164235260457474,27.141319620839745,23.902610952873946,467.67498843543933,629.2839278782924,780.2006437020705,1.0247046317590747,0.8689401892119403,0.5759678613844466,436.4920516930851,619.8286961817357,843.3113718993459,11.98131506909947,0.9582409910740172,1.5835821555362526,4.442455772276713,79.12265485170641,-14.936048036356276,53.02915578734969,19.26891174805896,25.875089969581456,1.7305866606251064,0.9354479519126468,1.2012850369991308,-7.431398664332968,0.9707767179979568,0.6074364331920759,0,0,0,0,0,0,0,0,0,2.526356053135448,3.9657520385974676,0.011834583245844112,183.7187128166682,85.52525268510965,4.956767616423995,45.263595117880286,13.267467406259355,16.120064469025834,0.17363477795363963,3.2628066529731643,80.55955839992417,-34.23731819103241,3.07955779662681,78.33133344121495,86.85895659009003
s20,s20 synthetic_batter_20,1,right,22.212654710148666,-18.701648744475456,-55.32540780944066,-1.5198694757945903,647.4592078253139,353.5399611715203,65.33867325184954,-2.3075484292999917,18.182087240849615,24.44604782544518,489.12824741662763,613.5426945679152,641.781703479019,0.5387907432251118,0.7397701727452927,0.5872450095603221,517.1492637017068,555.5067724965216,599.0779527172236,13.498024761778257,1.0468553571405133,1.1902442574792234,-4.726752512185113,97.60064985087145,-7.490747956877007,35.896577834770014,25.97059222639709,5.836824463236464,3.1478039006839422,0.8112847418401287,1.2061481439311132,-22.353862441897576,0.7323337329797168,0.4891449482295586,0,1,0,0,0,0,0,1,0,2.9182461248579297,7.20469275452642,0.013782045074671609,193.00979944175924,54.09255580129912,4.199882458949746,51.56680604528948,14.981462410815624,14.782109308670961,0.1280475094369334,-6.240376231865026,98.37461107349064,-34.130427851155325,2.3613075636973107,81.1920401962108,94.41042637031478
s21,s21 synthetic_batter_21,1,right,23.12587634861141,-19.781559241949346,-27.01164212979475,2.482531507788588,399.2976773410235,409.35083165190673,40.44178839738471,4.422158401834041,9.819878044001914,26.208684230729624,548.0676079078198,480.70443081249533,744.2035314951223,0.45455692998554154,0.9807514881756783,0.51199161764149,531.4519579062415,442.6640133071754,742.0061368470056,7.590484845408227,0.9140915873645516,1.2004357487293291,-2.833909939124881,77.14507358383698,0.44358336241281116,37.95579175237851,42.82021650340161,11.355719142825986,1.8121085731328552,1.0334292938474838,0.9887932650041431,-10.203408119447921,0.8946263699396406,0.5345462674331468,0,0,1,0,0,1,0,1,0,3.5852615684499116,3.028550793920405,0.013150698020905908,185.09614688105813,90.70396575125714,7.535845336244545,39.45935508713584,12.568812947318682,13.319714423470712,0.1765685880129339,0.9649017591480797,63.41700425895009,-31.87368584450805,1.874561493264761,87.01073869508919,90.7544468328896
s22,s22 synthetic_batter_22,1,right,35.12411243128328,-20.178686341338512,-46.86325398264921,8.40137874839682,625.6304617836311,543.3546567734738,72.40504288162282,16.38910119228463,9.395886735350613,36.20309099802468,532.5461561989307,710.4535232903618,838.3213972023514,0.7444894525157242,0.4699152233222119,0.9375337328601951,541.5609481403517,627.9632427014445,883.628990023135,13.35490384981877,1.043784418177365,1.4507917163414017,17.399460384596978,83.27682924554306,0.3223523763744631,35.19638682667797,23.457588440422704,18.062231606955542,3.9458743146240858,0.7931337400956585,1.0021344517294408,-12.353757068791595,0.9536502525978012,0.6275450915385274,0,0,0,0,0,0,0,0,0,1.9281156482717228,4.080458190405705,0.011436554599483433,90.66544644340613,66.97192372565664,5.262527309401017,55.51560839536906,17.206290551011776,16.230857562911048,0.12595485044612734,15.865603986374103,78.74445949817614,-29.286618267198357,3.769369241823786,85.04506634943294,85.05796698700603
s23,s23 synthetic_batter_23,1,left,69.7610780826805,-28.942555992768817,-23.582375107234498,12.092590320792402,419.05875231229606,447.3746356887932,82.94133393380856,-12.224903936734044,20.94682142506544,13.782867213274603,396.2309216491236,616.5857254010652,666.8917968157325,0.8179123850414538,0.3802911912493502,0.34349876062704504,361.4637858997422,609.5619592825778,717.473389189254,12.525813796122534,0.987706779860392,1.478770700096855,-8.192969057091558,85.38879033252313,-8.922049498398565,60.35019914865943,13.24295425781526,17.122026247554242,2.793503701194485,0.8693279309811426,1.1786749720634782,-26.72698208846291,0.6569973926156464,0.6387565520653732,0,0,0,0,0,0,0,0,0,2.303499921207507,3.323604602697654,0.02472435382336906,201.8395716076477,57.05942735824313,5.542977353704777,41.08784069204602,12.325380630624814,14.962535914242967,0.16384254406208068,-5.990660399093564,85.13455724697673,-32.07167002255955,2.193312311767121,89.95299556470766,88.84409608479751
s24,s24 synthetic_batter_24,1,right,26.319230507758597,-25.55914243308552,-28.322491812539916,0.9181799904823613,447.44106199219743,353.5968379185623,60.42649626661763,-6.351639104782624,21.010914784101544,12.77038924286212,443.82233668281185,562.9187301447985,696.5207780354704,0.7008330356137159,0.9227747503043716,0.7468663344053291,479.7899737417926,557.2672063268669,639.6502320616875,19.069203043130344,0.937031311218016,1.074609986702285,14.888471819758323,83.03158728495357,-1.0493116970015903,52.048964321983405,40.054605575641645,8.093731341754921,1.5770448958510257,0.8304792427750698,1.231290854573778,-27.402421428557478,0.8859844429419353,0.4593448658646147,1,0,0,0,1,1,0,0,0,2.243238754602875,6.001112047176167,0.013420853006943146,177.5735163349503,90.779508576646,5.437826271684239,46.079054947605144,16.60180496659158,13.8459865769746,0.15407134011331783,14.841015320556169,81.24852990215705,-27.13001831120257,2.4701000385830683,76.85259736197928,89.7545375978274
s25,s25 synthetic_batter_25,1,right,50.41341484393766,3.8310656972020567,-14.087869705632144,9.162056615801417,393.47935533403205,520.9973464967221,54.8708668695847,-1.722119473491114,29.210984355552455,13.662259793145656,452.1268575237979,511.30278912449,706.9655126993862,0.6034675962479118,0.7812047021458272,0.5478451563342293,448.526166022431,498.5689078310331,694.4712950331514,11.717003009466175,0.9412972124508325,1.1108533480648863,5.868913875159825,71.85878446002948,4.134443352162833,51.80096943941258,34.94308541256931,-11.067109623658894,1.3973547334920853,0.82584184696823,1.1372430657336627,0.7569020406745501,0.7956669477337187,0.4706973008806681,0,0,0,0,0,0,1,1,0,1.814668150233488,5.151773710581773,0.016513798151847153,223.1971377135661,71.3141162106938,4.704362375998951,41.095523604518185,13.051776739614539,13.494877236001365,0.17000546099459768,5.763152060978328,73.09429728418158,-34.30967594633515,2.493504936522747,75.11447963099324,87.44448498894032
s26,s26 synthetic_batter_26,1,right,29.475326866960156,-27.535793642142686,-31.95710841930228,3.3531375820651084,436.5496829762026,548.9841340151203,60.29076387258545,18.19594769584915,28.329271665467765,28.654942408656115,402.23888493717567,553.91017868032,762.3913689434798,0.66094797876979,0.897341529981224,0.7715167038461399,409.48989484926403,586.2765498512122,816.7162127781703,18.650706956539626,1.0641200655608885,1.065562089985107,-1.1716361426913728,92.90737985204196,2.6624377539453894,60.5302873680956,23.981762862200696,12.13362254918773,0.6907020673536288,0.8560763629618362,0.8031104883442478,-15.220525794473332,0.7884006491455303,0.5527625918460874,0,0,0,0,0,0,0,0,1,2.5110074246209764,4.593550875593717,0.0232509582684417,130.44165402276386,37.65310583146868,2.2117727705365997,49.53321594236823,17.374680622270144,13.150956756342937,0.15238299848560988,-3.2600868648114654,98.55479141678155,-38.64197602731555,2.910652578928654,96.77131429380361,100.4390705526075
s27,s27 synthetic_batter_27,1,right,54.97445852908087,-25.362583913638446,-62.58875427926856,4.4474388331974986,370.4997897799982,452.4067264850874,68.35860921909102,8.67365122005218,17.14480698926165,37.8567864950623,468.9865865558544,565.4607888840536,946.3607318919113,0.6421247782622148,0.5647134136861635,0.5019547533673492,527.1310813528966,601.4163839795544,966.6838960998739,13.576731396913283,0.9629012972606988,1.3848565677707398,3.214098200826444,83.80917709623624,-2.571714722083607,79.0211408810558,12.274656743084577,-9.755794068984422,2.929537585241717,0.8754165887325036,0.9986658213123806,5.1555244557461855,0.7332682520366021,0.7151786297569959,0,0,0,0,0,0,0,0,0,1.5715931335534756,2.99846933280336,0.010066223323211658,99.33503075405966,73.94184979791741,3.8513928195019145,53.09357307919616,16.350040766123538,19.654487763898892,0.1,3.067141571874526,82.20149817296661,-22.1151231594341,3.2663614358542223,93.79877037075391,94.40422292188241
s28,s28 synthetic_batter_28,1,right,47.36559401005758,-1.3338058822280647,-42.35214397322263,12.938393772994557,484.501296434297,406.2922605431557,41.67437153047509,12.564365619059805,7.229736382669493,21.35450629342966,438.5720266142261,637.8520447426438,770.2659318133548,0.6141152066953027,0.8316357793200001,0.9173257284361525,476.4830291289612,632.7403920419605,778.0764530725456,16.832192672378483,1.1435669645622926,1.2036691165065407,-0.0539206416949618,76.95417404389688,-4.807857879945754,25.0873771271316,22.235611353431764,19.75949784752985,2.1821477180258304,0.961926504406369,1.042372874697977,-19.72971621648333,0.81573269706235,0.3544197654452238,0,0,0,0,0,0,0,0,0,1.9373933763700582,3.1959226686959994,0.02260896337630309,159.38748401701514,68.9923100214199,4.258060738715559,51.265478308157846,16.698684599168896,11.724052645866744,0.15497159793448614,-1.966660958938504,71.66590006328256,-35.02316868271223,3.6756742192129432,82.52323516131051,99.60247100833163
s29,s29 synthetic_batter_29,1,right,39.697349048481655,7.411886752727074,-57.3949486954702,-12.152989560248812,367.835556825023,525.199436949989,63.43278044185083,-2.501103873862183,15.530175406593901,0.9122754667337141,550.715398280031,542.0748187899036,757.6050856395432,1.2076212527606214,1.2418865235283953,0.9054523685410716,543.0512577478545,478.0340087655979,748.8976979021569,15.304196536773727,0.9920612623687343,1.3230819400120073,14.571393559996277,92.95942195319824,-5.776066906007026,36.70088014169191,30.39078021387322,9.355790969546085,-0.18572389393460575,1.023222748707698,0.6463596054397858,-10.324038308042585,1.0452639531434205,0.5710560729312575,0,1,0,0,0,0,0,0,0,2.434075526834488,5.381417990294407,0.01286530487337667,210.81128518938357,60.60380307662283,4.4229600554022,49.83533500525308,15.880735982173384,16.079343723150537,0.16540536252817487,14.996454345632703,94.58368024575347,-34.842210418588735,2.906259191739629,88.62880515070289,93.28322790781526
s30,s30 synthetic_batter_30,1,left,49.054139629476474,-32.373758328031116,-54.52127879660517,-3.645012061296928,610.7157388789961,574.4767921757594,63.24018494554174,-0.28497842010132146,21.87276362884061,11.365332584518455,566.5450235537334,726.5868744884835,702.8433353320995,0.9556540133825869,1.1546511032772087,1.0458644540611683,551.7145189319743,745.1053219032513,687.4912983037897,22.845326524726005,1.4003981902223188,1.6297867853284336,16.956656620762217,95.90139791971879,0.8069186974579425,40.21293950730337,48.845403014660526,15.997392158975913,2.384125942974491,0.9268417220579019,1.1098772903726428,19.225334105934742,0.6281579236900157,0.3818278087139825,0,0,0,0,0,0,0,0,0,0.7063829014836371,5.194098017316668,0.01776525674784271,128.08502802861267,43.39791518836882,3.164197795273584,55.21667537571371,15.632189348806643,17.18658351060676,0.14380102604523337,16.366032539202997,94.26828125187977,-32.32901660536092,4.264674471526603,97.13527219955661,95.32079996767318
s31,s31 synthetic_batter_31,1,left,28.801717657135907,-16.574457635340792,-18.092178502268304,-8.737403794326932,495.1151595708727,287.62836736054123,79.68945854762595,9.054279187041816,15.824593871544124,16.154260050068046,433.223258150313,477.33510750741567,634.8942130302778,0.8876852044476544,0.7984539744761945,0.35228041842499686,425.08463286232467,493.9959143626729,646.4229755538908,12.027801507331105,0.9905882090399235,1.2139555092717154,-7.129394914667207,72.61333602102897,-0.829376161142672,34.35364395416353,16.83693876869058,0.7831108945515908,1.343065062039563,0.9287004949449309,1.336241311158143,-28.50496880689791,0.7307425207817753,0.49338080819088587,0,0,0,0,0,0,0,0,1,3.5406838642860015,5.42874941931706,0.01911702670354519,171.36297753830345,61.70541663774751,6.188084148065955,44.966075607694975,16.103150161979087,18.360941998775825,0.15671361084514873,-9.490964747646208,71.83301851691945,-31.664094451730094,2.868184108291942,89.82571293736737,84.90770872542784
s32,s32 synthetic_batter_32,1,left,44.0777941140198,-10.33855867615145,-29.56509803537138,-16.456449897802607,422.68186325788287,417.96607083641777,56.16212379220837,5.8462288448009945,12.36400514619879,18.717448496376143,440.3669682892899,538.5168998864501,687.8634747590395,0.6225143746810593,0.6663947376439274,0.7321438223607217,453.1144245012033,547.7986469911584,677.7685097596601,7.643301635226352,1.030624774288505,1.3456858000463847,2.849303434485024,93.26371297837761,1.7764240366132023,31.5191271994872,27.77687065267501,-4.420059786400435,4.229672673001389,0.7512261017171195,1.044420491093307,-38.58734004412299,0.7194047673475088,0.5216531135634107,0,0,0,0,0,0,0,0,0,3.8999416401026363,3.71839833369775,0.0170285945920387,147.60704317113837,87.40844451163194,3.996240504322281,39.53930822432841,12.490394303346191,10.372984363110362,0.19774907857385457,5.3290392837365115,91.80484438261222,-33.93341821244142,1.5,88.09273428095557,90.14624338389609
s33,s33 synthetic_batter_33,1,right,29.827624054471755,2.188979878217225,-46.62610613628327,-2.133908169285357,344.46961923065936,435.45885083865153,76.1631786879625,9.363715814398926,19.532159469947644,19.741659737991306,449.10148982882805,542.1216885214587,625.5665066531951,0.6581969367181778,0.6488289616360786,0.6281091317641893,446.4708864725563,571.5660810007022,623.8633618114173,7.798570465925666,0.897131526356025,1.2359672951543674,-1.3137528463845634,84.30919114262015,-1.208757121273088,40.445660315395415,35.98499306488056,10.086035073129338,0.30264394807015416,0.9083851737304305,1.1805601183340142,-2.492491729132828,1.0770380607200083,0.5206315198600643,0,0,0,0,0,0,0,1,1,2.988712973434127,5.550623602345879,0.015845525928226217,256.8120550185475,79.04830446040752,4.291060475062879,44.17626948159543,15.03210809767009,10.284256890405983,0.17027218195035512,-0.246651646331,95.51838014267508,-32.08716948474505,2.2006373251598066,93.14161118531034,89.60992499775894
s34,s34 synthetic_batter_34,1,right,25.234606648487713,-25.35775099287245,-55.89731465196141,12.500165439253653,498.9717157438538,392.11113655700086,49.582707683509184,5.254793861402067,14.04149688649229,26.305415294131386,538.3144080275652,771.9745964510769,926.9944473897042,0.6594342640180725,0.4248889273274754,0.4496245752094921,528.4333044024784,737.0297535572457,930.1383956343057,14.109940276438953,1.2285508515013541,1.5079334428345104,18.251443977143836,85.39327692909228,2.9125837020846514,31.21311035528823,3.4804789768057063,7.731172480350864,0.9531595415616894,0.7849480289255977,1.0044346975910214,-22.758715419313596,0.7748994644510835,0.48798465159963766,0,0,0,0,0,0,0,0,0,2.296221557249299,7.19139411912775,0.008993134607248607,116.01567285828449,65.60491719401486,5.983956409739113,56.8866693581859,17.30129972766562,12.350908201652366,0.15886856091322524,17.131287141788217,74.18975562410256,-32.19881115714087,2.560234891988736,84.67891326288276,84.28390179994608
s35,s35 synthetic_batter_35,1,left,26.79425408063652,-21.087507985380995,-43.50702727535058,3.989164611226197,459.9456128754007,524.5330412751646,70.78681474105085,9.554741210510702,13.391814296633289,23.611266121125166,452.8808354412701,553.4088302537349,815.4519786378672,0.33223066317325944,0.9512984579213046,0.7701284889752236,489.5603667089962,613.671491839289,788.3291174981273,12.266660899649306,1.2034002175489746,1.5178212833644913,-1.199878215024114,98.53324823683724,-1.432444802253799,50.35512211044329,44.86432685259796,4.067673390742675,4.07600579293531,1.0154937947518765,0.9777299801200375,-11.853669331869177,0.8064220248916709,0.5337779675763098,0,0,0,0,0,0,0,0,0,2.827907587259152,3.7863219144737053,0.011357878919717294,116.32867994483651,62.90142611979232,4.539035079566422,53.49314683152436,16.91999372819208,17.118784684722215,0.16764259290906372,-0.836145597435839,96.591578721174,-31.125903364895965,2.8819313537928184,89.87458885773937,89.94409170496596
s36,s36 synthetic_batter_36,1,right,41.95681214664385,-8.177814243336867,-56.09219409195244,6.606141490820789,499.05312690294335,301.4478184531105,63.24605034332285,7.113904051222538,20.686472204559163,35.20375260041163,395.394537843107,668.7883119431079,865.4864309834012,0.48385372269347826,0.9604501988370558,0.6983550437698193,392.5392905486611,640.0054793488518,886.7716059386587,16.41774609442873,1.0700162958016812,1.2295452771400086,19.198410296582836,83.64785758988475,2.7081322967901187,45.48053321490581,15.823803471383014,8.67729024586211,4.067873780207996,1.098955930708444,1.0131401573882668,-22.149596786920547,0.8079944560135849,0.49878924352839854,0,0,0,0,0,0,0,0,0,2.466367633067391,6.484447574028556,0.0191158745778994,194.77870206479184,50.16484413275497,4.051732138869257,47.40891726515183,14.13063069294056,9.767119315393431,0.16444752391440257,18.988853992827927,83.62941246164279,-43.78743729493658,2.6603377622014586,87.72538759522932,88.94454291305706
s37,s37 synthetic_batter_37,1,right,58.8146516352384,-8.389209480419142,-46.1570552412721,13.557835532977524,200.92271390597685,539.6700120181647,47.0272178314742,11.143554037648073,13.644061067386009,17.056076848257494,506.8402378281756,543.2603366205756,695.4323785275333,0.35196974564241357,0.4083688573667293,0.6504656703134265,564.3299651541085,565.7370244366012,812.00216446415,11.426933913677194,0.8913556540394002,1.2548373756720708,5.061787102744118,79.44480884049807,3.2249366221998335,49.735221967581076,31.88707832348034,30.13948713625808,1.422444973389668,0.8057790940376723,0.7758725183882014,-14.404699476749764,0.7721349923998024,0.41801123344208446,1,0,0,1,0,0,1,0,1,2.8083743655438957,4.168401300745974,0.016198169194139193,116.57227269904031,63.73467481083445,5.133330041883613,42.34503855757283,15.033610517739376,10.983923484498867,0.1428253931174514,2.8928097595859334,75.53909637908417,-22.59561846496075,2.7374811436756996,85.15516098239513,91.85432441782
s38,s38 synthetic_batter_38,1,left,38.57916861067424,-15.134642228663973,-32.88488953996136,15.700932541262413,339.2872711727961,531.7782267254837,59.062568918686324,11.393644841575158,19.443894109262317,15.237661264407462,406.1732919990779,561.0068193207145,694.2112247667021,0.27078945919750397,0.5940819621227597,0.5889155519280949,408.44185609288223,510.38638848831397,623.1317591936591,22.873087090240066,1.0270202259999852,1.4509937000105175,-3.64926764197344,75.12738174046021,-6.827159781348881,50.0728237112704,30.92163473684806,14.676204378952463,1.5589463932601382,0.5693322938319864,0.7503441408805862,-28.51767634826635,0.8527629933595983,0.6394718347478937,0,0,0,1,1,0,0,0,0,4.452737906684079,5.0636895269752875,0.014529580045908,238.22308265715668,39.37153768978422,5.125058738446468,43.3400704311994,14.24251375492462,6.121344154557127,0.1073754833144725,-3.4730270694205303,79.62651090110162,-32.736441567672784,3.1877368139203557,84.49871279547449,92.15653355616335
s39,s39 synthetic_batter_39,1,left,41.230061294210586,-18.44599099248159,-26.616309793086696,5.26309889244515,276.4687243508866,457.39877207987547,76.22216504709061,-6.031646712560349,21.0320446435859,30.71046457253942,403.9623677332662,623.5898648895559,788.3182217429784,0.5715910630919526,0.623868716505043,0.7702104437824973,448.5953275888844,595.6819242714544,801.2787227105775,9.334221003003984,0.9854108619468852,1.4659314358544204,3.0550423046811,89.63354924444333,-12.848864281224476,52.98052226917447,44.31350224783324,16.39598884690655,3.380684164916615,0.8106819496107521,1.196750942091558,-15.138936527587328,1.1079804526956685,0.6146765250764668,0,0,0,0,1,0,0,0,0,3.380616313944862,4.816894220839967,0.010899663688215457,179.68718149402406,72.50418827664431,3.9365240479545145,49.98788813163748,16.43658843414106,15.955161076540852,0.13756185887603564,1.502512917662664,93.69983763804153,-29.096886902765075,3.469205316741662,89.39921538910289,88.84381208735567
s40,s40 synthetic_batter_40,1,right,47.434555160763566,-29.016730422491683,-34.34935894612917,18.047835859821028,327.61846157957365,522.4943427077344,58.96918381858129,-10.882838605831264,8.465470880033541,10.932203152560444,532.3557185778429,649.7916583475703,803.8787404823079,1.0502581589553872,0.6707593904791053,0.9778995886657922,541.2887041456086,695.2827177493305,773.4711369375517,17.3234157916634,1.2138063893127538,1.1856487264656714,2.277195501802276,89.27501890258665,7.26095713608732,41.433458592926904,38.261331387118176,14.751495132426845,-0.05771839877534335,1.0177732279852436,1.218787921618901,-7.543855680522749,0.982596972557068,0.6222146507385946,0,1,0,1,0,0,0,0,0,3.0936035056647255,4.45870398449492,0.017311073474195582,188.3208439906554,38.73393528584584,4.476163309273785,52.09813566189707,18.301224388333036,13.96859808578751,0.16500291064840655,-0.08513908724797226,89.03624581014395,-38.89050670767012,2.8823196908292794,89.31477074521014,95.02149607347111
s41,s41 synthetic_batter_41,1,right,61.131888085367606,-18.919963944465586,-72.96048131755894,6.553017296231489,578.1562812954326,240.15193190193136,42.58700138538306,14.575078297013556,14.179378989288272,29.667558723118805,524.8579945195116,600.0820750425579,954.1114276107605,0.779695685430258,0.8585812541516897,0.9145350068502266,548.9320088507478,592.2550803525324,977.2075307115306,11.56706322934584,1.1472360328545983,1.4993829126936826,-1.78684315094074,85.27432406582557,-0.4600476157264297,70.97791757703129,3.352456603411351,19.835697150817545,0.4420491014192356,0.9328657490834404,0.7947588113681904,-25.08602776820391,0.7328083478494443,0.38952242387203617,0,0,0,0,1,0,0,0,0,3.4743308227786405,3.0970661995474673,0.019098108458726296,179.52948694160298,65.86361914445465,7.591282538435292,47.3092272538576,16.52656227751326,10.695868579402859,0.14147800398528151,-5.843761476607052,83.9209552891071,-34.35500130624625,2.0441774683910765,82.7239172035982,90.9355243122039
s42,s42 synthetic_batter_42,1,right,40.14436983953921,-14.801498560640294,-33.544890570131194,-3.349753182607353,461.9756168816167,303.46560667876014,57.40311862978647,14.595685692012193,30.276171196646494,25.01566440570193,338.4456305713685,637.1540988408092,479.40067130709707,0.9452013638648286,0.3211501969841896,0.15,320.3303542834254,662.3517769947931,481.26297024021153,11.669546155630288,1.0249897778198793,1.121747827474038,6.403506282440395,74.86477516210613,-12.286915372976729,47.00046054045236,19.175694864470145,6.479426616794041,2.010203949047294,0.8545354632826321,1.096761076817844,-25.130770485159005,0.948087908190348,0.5895362647702005,0,1,0,1,0,1,1,0,0,1.7146770356364258,3.9475382564434014,0.012222169454112745,178.69480074710114,84.86906501709163,5.39166413012285,42.171717511875315,14.413360647163644,15.892212920031136,0.18001239975359962,5.506987898593818,74.30499099094789,-35.36157933160207,2.503309353796495,91.65974874821944,73.37742431759906
s43,s43 synthetic_batter_43,1,right,35.16473203747006,-13.920695795096842,-39.83611772749197,0.024340044459330912,367.9484694019157,432.633159391803,50.505499566401255,-1.7940119104481766,7.802654545953665,23.890498733646044,495.54749962228806,563.3414299277014,574.5672237946907,0.8432488537183478,0.9442875907914492,0.6225150533469339,474.20351905760276,570.4500915892787,605.0414147563893,16.038439004861686,0.8506117443999018,1.5958596782034036,-2.0470703106237984,84.8288257276095,-6.2829169833122664,23.040806419708442,32.18214099976436,-8.43809046140235,4.378010418737472,0.9738228019472942,0.943021262714269,-18.33973981865621,0.746455532003514,0.6133506630317427,1,0,1,0,0,0,1,0,0,4.002986868898378,5.609698106576224,0.009790756138460532,123.34424963621233,78.25825160266908,5.22367270698039,44.83239998555852,12.640295178933771,10.624500440381366,0.1560861773899696,-0.62964366166449,84.30489245937045,-24.651381177457274,2.394751921553754,82.6759565108571,88.64363276580994
s44,s44 synthetic_batter_44,1,right,56.35506867029998,-20.000761141180025,-34.79793469357338,-8.016545615368548,289.0273356930521,350.45695323727574,56.5011996132104,-8.570322809447472,-0.8493840405669708,40.878092173460075,524.280815537268,659.582912468824,706.2569784767455,0.9047803556464561,0.9622706597282665,0.6353332953016034,535.7734644126427,656.4341677888189,753.2772415370968,5.89148508943533,0.9706679684564109,1.524070461817388,-9.655672411871365,82.98316306357636,2.6312457542189707,33.171807679395684,27.987560032660387,6.491310935951922,2.0156927310322845,0.9096573843643061,1.0141304376052,-31.2512777172653,0.6424537036520694,0.44629620838314543,0,0,0,0,0,0,0,0,0,3.2632592270822,5.9603555536269806,0.015717618402402288,161.91566921971275,46.4659495745639,1.9964730180689685,46.11465009287285,13.921873086299291,16.55414738776961,0.18334644324399657,-11.392320795318513,82.59129792294755,-34.929068034179416,3.2517413825638775,86.90720696923607,97.38577182674557
s45,s45 synthetic_batter_45,1,left,47.119212302907236,-11.897729197453113,-18.856973955001436,-2.607539933565165,160.88499283948062,531.0024959799705,59.85332168591868,7.045741041770583,1.524206901228773,19.17635501326221,504.63624478091475,550.4600325282576,767.1402556304955,0.5965252037978248,0.7686139453695008,0.3813975858383542,529.3500758425477,591.3755422762382,774.8371003412228,16.3945605902258,1.1204962910065528,1.4143114577152056,4.496415896374465,74.63617330437233,-3.678060986797358,24.481083016124444,36.14038503334514,14.493885679972013,2.6711622085068205,0.9972690846257369,1.0390384497270793,-19.25364915722271,0.958833382193698,0.5476266172512245,0,0,0,0,0,1,0,0,0,3.7238901570709135,6.3003156557071005,0.021594319303636783,127.0734326434102,66.15661301306228,3.607074892729087,47.21040293990487,13.902663177555933,12.371779737441997,0.14604884949872968,10.798187626769389,73.69617779678833,-28.209600065299544,3.5822850342472576,86.612608365136,81.76759683161724
s46,s46 synthetic_batter_46,1,right,65.89669716940604,-9.783619193864233,-71.01810692144727,2.9907340755883176,422.79153487884435,689.3364363264956,43.61208144652285,14.408168289958345,19.044962180401047,46.677022668423774,550.567554028782,624.2545076533664,878.9928967896149,0.9091621942621381,0.3764922133979286,0.7615888378305473,551.5739665787935,617.1547429138094,924.274988326182,24.41172143112785,1.1986102477842202,1.44586014642811,-5.222006492770234,76.28870002498914,-5.0723685159147625,46.25268739232726,41.372446417839,0.24159683907941076,4.042201399646677,0.9866203505498697,1.156738327619091,-11.005422604262419,0.9514275292374643,0.5254334479210283,0,0,0,0,0,0,0,1,0,2.8440580055905884,6.18980285427604,0.017787554713823372,169.33888068815392,90.14481353604961,5.429860949680722,54.96647706756745,18.462313093972543,20.359015719796997,0.15700011391466848,-3.007792358638403,77.55094659795111,-35.25210226336598,4.104329234486239,91.38753715899107,93.21357512269344
s47,s47 synthetic_batter_47,1,right,43.6280976602193,-14.522863988926545,-48.795252446490984,12.45229329294503,655.8864881002912,345.48541997243103,42.3100660638985,20.48636691461909,18.478096722985825,23.106584152566505,386.01453086400846,523.1108679787645,811.5152505224147,0.9021762564101892,0.6187652020812989,0.8831791810562417,353.85469748691605,469.68872475186043,717.7433347708676,13.63058091863865,1.1572367008250324,1.3345103202129653,1.6209780661605233,87.80987965976969,6.4052911618778,43.81397864604533,37.69053149640218,6.589072396085357,5.0308433525337435,1.0322426055174525,0.9726378916202737,-18.971552543976305,0.9616949901247152,0.7287769227556085,1,0,0,0,0,0,0,1,1,2.917882732470707,4.507179115966753,0.006688653385799755,196.41023243576987,98.79266446007334,4.862137473042083,46.3651172233051,15.041619841557692,16.621414840247105,0.1643553275181577,4.881803397811719,91.57593998390902,-34.26309469826972,3.2678885472635804,76.02451191914565,100.47592888797745
s48,s48 synthetic_batter_48,1,right,25.534075879635004,-14.542578165243551,-34.36620125503599,21.22824263015223,501.02626751792445,401.33956067668595,67.96243825238858,10.898345712873958,17.55783029422648,13.392687578087447,521.990039707006,646.9019620434868,761.9941689046417,0.6894891138415946,1.1083385167995816,0.543187877745159,487.9835805497728,622.8047592849357,825.6122608212826,17.418871222423896,0.9460733078439715,1.5140614260990182,1.3159464310440825,67.68924322313036,-8.283722878302862,40.22176406015194,29.110044036543986,2.4658420559814953,1.9847067344411289,0.9155132462409553,1.2231416569777303,-16.116369223814548,0.7717723660557205,0.730088524796941,0,1,0,0,0,0,0,0,0,2.3966690171082203,3.586555150981462,0.010751969088393813,212.27736543244208,79.92584760065377,0.6,45.07432480340926,12.75516901673425,12.360307777886874,0.18261688559438044,3.3040539612284787,61.53794248513748,-33.22775082600343,2.40254233455015,94.19408865889963,87.8685733356362
s49,s49 synthetic_batter_49,1,right,20.726995403605148,-14.804825523198932,-61.67573743660126,-7.207659838103185,372.6816842646323,476.4739967132237,54.25958238308227,3.141006142262078,28.933753796958456,25.7926537104555,452.75449291029827,677.0807987604363,852.6938875544093,0.859560389699854,0.24581071896492668,0.7136237323855792,417.07608285564226,693.6165506214871,867.6963736301029,19.25562713929748,1.079494149301422,1.2958731159082513,0.3867474631693426,84.69344215438116,-6.788920146529003,69.09124950884467,8.453788628562616,20.016234014745045,2.4964231132755255,0.9560603381659591,1.0070019040655693,-15.028499311482044,0.8284758842372504,0.3844337280032465,0,0,1,1,0,0,0,1,0,3.2694575184271772,6.204304407780444,0.008831203226188456,182.9676808825701,75.3832647535345,5.393778173249943,52.388301943193774,16.537763566208532,11.449387443982,0.11522023610454925,5.018909900515775,79.44012265821542,-25.5807743658535,2.8098366998927244,84.16841009146572,91.13394287748181
s50,s50 synthetic_batter_50,1,right,64.92431039314904,-16.040133707370778,-21.00477660504819,8.88575834099438,480.2177643899139,622.5764100941465,31.68150780398464,-0.7172626315960153,-5.674722682809772,14.792993512712107,450.4645114566938,590.9770701638197,869.715355408341,0.8763136004788241,0.7553702040302884,0.528830454269873,406.2739586332093,602.8423433546949,912.8290896381483,14.926598574892612,1.1524021674748863,1.4112853831050458,23.077632335048378,80.8442210096899,-0.7316811497103948,51.90171603314652,25.338542650776215,13.995656123252509,4.711679331908233,0.825250631772882,1.0704914724103298,-21.75169233208427,0.9254193920679482,0.7922342797462593,0,0,0,0,0,0,0,0,0,2.580623496112677,5.209464620095212,0.011785999698235499,199.5265721230773,48.03421001805317,6.953044638633052,50.498168630618586,14.366479158935414,16.326551213160926,0.14160535292643045,21.11012737636702,72.10163086227229,-41.449263295150594,3.1934705635726734,95.52102538351878,84.05670155531367
s51,s51 synthetic_batter_51,1,left,67.50488153418017,-23.224507365643195,-37.2162721978423,-3.4067018891482643,314.7906408837707,361.17109892279564,71.25695953524455,6.848119724754201,22.11370248210726,18.51442754232105,555.9412639127629,602.1609593945172,813.1223040624452,0.691231525239539,0.6176258768267382,0.6072102702302182,558.6783978989401,555.1492118874542,764.3272742687843,13.94369548784389,0.9379483385125811,1.5412935580187206,8.699538572039497,94.58895127113652,0.3427295923232938,54.4270508439199,36.410561380834885,13.212324965151673,0.8617756488956216,0.8038755305787251,0.8257694678170776,-5.076713896115034,0.8720892339369027,0.45004359118329795,0,0,0,0,0,0,0,0,0,3.377610918982968,2.750287012489476,0.02089222543231336,144.2159448217359,75.56509485885093,1.0759960108184963,49.39237802470263,15.74177318222113,14.448278541718327,0.16812906414827433,2.2976951078929435,98.92093827292452,-38.57831777637216,2.376316794243596,86.16904515467043,101.44999626130537
s52,s52 synthetic_batter_52,1,right,30.874042586282464,-7.1435930084728305,-23.424134756324268,7.2567769193826175,304.52753691816497,402.3343874455712,57.87212929055685,1.8843824399553668,30.67106231364606,26.739678909563658,504.72016676684825,427.4941184639778,737.4999079291288,0.43764849424418517,0.8339984774454438,0.7364862486019924,532.8462648095489,405.7638428817318,704.2691126649154,3.0,0.976457657895434,1.1416627071585046,5.986324023250731,73.75252867987918,0.978058206044389,32.13453593386799,13.681837103537639,12.972810504967772,3.358466263490517,0.9929206976738632,1.27825053403713,-2.6869093709406986,0.8573968637127773,0.6688151326382484,1,1,0,0,1,0,0,0,0,2.476483185613721,4.250134747996231,0.010311782703478647,184.14699912635393,84.72816303249557,8.019636792779515,35.68303837561121,9.432125275410968,10.69997397953227,0.2049924963743138,4.871010002368523,75.00414514583149,-41.73652582844908,2.1479495364744454,85.53051067904119,87.90015396636504
s53,s53 synthetic_batter_53,1,right,33.078418419628704,-14.65166538351597,-46.620544267187526,3.4020120349564715,409.79869904154657,613.0881816913494,50.6772654664774,-2.4122728520879377,7.613146669378679,30.013455485922645,575.8220222050776,547.5271421609376,753.1576177117587,0.5057766429784426,0.6357434582701564,0.524211143332896,575.4866275319574,530.0755016848702,758.9951494775496,16.928569358396828,1.0577318865389729,1.2250566432827088,-7.399264468644473,86.29035579806649,3.4674282674136814,32.68675516368784,36.65503376703538,7.702005979582984,1.225989251385115,0.863241370164002,1.0213516919923382,-21.354626224906625,0.6761686342944385,0.6507468445924505,0,0,0,0,0,0,0,1,0,2.7235141515364454,5.378789489163013,0.006188954682825594,195.65213744080742,84.16695659081833,0.8633256645300862,45.42252042497699,15.16979952805417,17.103484161192807,0.16369744155799743,-6.003718029775629,88.81669337773035,-37.43751059880725,2.7348602790342675,98.63858536754792,90.69146684963397
s54,s54 synthetic_batter_54,1,right,58.79525807153561,3.9591255477769494,-27.322769443519213,-11.926721644333455,383.6325500916623,264.45906423340205,43.232546925282655,21.640160995611062,14.175540241276387,18.14315609037889,537.1500881423847,451.1263091310295,662.2307983197619,0.7332807222840012,0.8400578010235529,0.675463714758842,480.63971920893835,440.16222130760275,661.5492827462634,13.592713578716728,1.000434390181765,1.119911368716963,0.9936780401955811,78.36860962582409,-0.8085282759108989,44.87500492546356,39.5515859372297,9.580450260220028,2.5075929687959184,0.9252034393536326,1.058813135806441,-10.773623952511034,0.8799690169658643,0.45861309138499656,0,1,0,0,0,0,0,0,0,4.966469061534227,4.622492950280951,0.010830471056436532,165.52209506750023,64.06388244086254,6.271550491917104,38.658841417327956,12.824384404785834,10.906057945788152,0.15299703159447664,1.3724704695655272,71.22111843400675,-36.058000255960536,1.5944252649811357,85.6832516226735,97.90485104953116
s55,s55 synthetic_batter_55,1,left,21.284235574995318,0.2779925377968233,-23.280323633301755,12.397663031655373,453.99775552846637,292.5320944246374,67.26775875210089,19.353114588637816,10.682947944306637,33.80401962705117,434.5576858869147,485.7351860732859,770.9912114704798,0.7665438299043399,0.8577944169817143,0.2671683904426435,429.78867437855104,444.4577784152393,782.3139549908794,9.636672173276517,0.8576541857180369,1.1271420738013698,7.389971303829585,81.2325589314472,0.9363036336304549,46.29902574791257,29.958338078461978,-1.4814766442585405,2.0614087397764154,0.8411652515269504,0.6433755027314874,-19.70073330212197,0.9965167537656504,0.6083518637610692,0,0,1,0,0,1,1,0,0,2.828502542532468,4.944824867843031,0.017264429623740925,194.8652295012879,74.55301424842716,5.085071642624434,38.69990185147612,14.673506784488616,13.037018803046646,0.17873653965489406,8.078652831249045,90.15729954584789,-40.07240627045194,2.882757179201582,94.23875068532192,93.63608090241803
s56,s56 synthetic_batter_56,1,right,25.959132200246643,-10.826780034873678,-35.88023769279508,-0.7548436336890116,435.0158000403193,394.76825104328395,63.008598942381646,14.655392698208928,9.74360425143791,36.03140373701734,481.46009399102195,579.4475009320377,740.8086176792318,0.582260375667471,1.1460318136503052,0.9308027128832725,477.39011907520677,560.5963676884533,784.1892241164304,14.951582088863178,1.008036603709823,1.0338078175288339,-1.4862513372934938,87.00438422879856,-3.5552555558904992,22.505749034912938,0.0,-9.49153583000454,1.3075788568008175,0.7729548463569836,0.795000466939095,-11.578847551928973,0.722813951116057,0.543495423055927,1,0,0,0,0,0,1,0,0,2.9519880290856126,6.099618398788156,0.018068994761133994,134.83482791080587,76.34520285140715,1.4208160784885395,43.72249379260952,15.008645961031856,16.260801036252424,0.17765590134056597,1.8160236693811873,83.96012968807177,-35.67073873307334,2.8463729174816677,87.81411807237416,85.49296450489794
s57,s57 synthetic_batter_57,1,right,55.93265563219164,-26.675970081858342,-42.05488695116668,2.267433566505643,571.8417988048486,472.86055991853664,92.65608134649787,0.5104744267884982,16.423807814282682,41.442926303835634,587.0112863917929,747.7963836398669,857.7643996973072,0.8596266538874544,0.8906349753713776,0.9151063486473133,639.4112551474288,725.9380690820811,787.1555870851932,15.68166164002411,1.0964015838219752,1.5884066769999967,17.02370716297861,85.77508523691523,-1.6238101805797145,44.64109090279268,18.560670339763632,9.200649042760192,1.702898832499784,0.9050751286179547,1.2221350917391574,7.6775380782511675,0.8693026265299894,0.582381711642572,0,0,0,1,0,0,0,0,0,1.4406818786181104,4.364812191533782,0.012307582121628871,102.0057818605426,56.43623079190929,3.7356473993269455,58.442495608144334,18.194101487619186,19.24287417064355,0.13180970255231694,17.978851099134857,86.6161142724715,-42.073572404667075,2.837425406348253,92.65577728399307,89.98611164422988
s58,s58 synthetic_batter_58,1,right,30.457320542744718,-21.058885577246592,-33.30496907283103,-5.687715066645357,304.3777555880463,486.96573668822833,61.69302049925039,11.723767723648564,30.00372131116204,28.935489547175294,439.99971412154173,713.6221424105299,829.0637026002856,0.7962819013623829,0.7996299405111277,0.5242750936698368,403.5712662985528,736.7681402033875,868.016465468978,11.123143681457089,0.9938849978215577,1.5706419007548125,-4.047709926856902,86.44101030715571,-1.3547949196781934,44.12902120924483,50.0989701071296,10.591922050177155,2.6171961242324238,0.9832121982209046,0.969427133146883,-11.687403530084014,0.9191223945520274,0.5857937142536015,1,1,0,0,0,0,0,0,0,3.756693548966938,6.876929362185476,0.022637267832884417,214.24382694482185,89.5480312243701,6.943491251550736,44.770103635532685,15.308117275299843,11.866715098199641,0.1712266024601875,-2.0504276078793477,90.71293361054757,-37.089943618838404,2.687978786119098,87.10767600403176,92.27431023211138
s59,s59 synthetic_batter_59,1,right,44.28396335393103,-8.660497133652008,-55.092000654339486,0.48524935708516015,561.0614469360255,521.6687718948666,67.92394477607726,12.221051418847495,35.32504045208696,39.932446282778386,521.3410178266848,595.6072629831303,584.4323171907383,0.933597478092802,0.5857718128543933,0.8526458394309211,511.5740777617049,619.8809023128376,584.7635935890554,19.39722258569909,1.0496158608571002,1.6575452471370438,6.71837415893577,79.98857257627887,-0.7094111850857834,43.593085420954864,25.89792220430099,17.67411654740302,3.9028972240803936,0.9484178535316292,0.6473375849757903,-32.700379860421556,0.901013479455366,0.6537562343253368,0,0,0,0,0,0,0,0,0,1.8525444924341845,1.264652229387064,0.002,182.76906289802653,47.64192196934994,4.111299196910526,49.291947370040376,14.096226501278707,15.01944190208629,0.1723664941538944,4.369467304303873,75.05367379729852,-25.997898000449,3.246833659478257,94.3779903749601,89.17065979313921
s60,s60 synthetic_batter_60,1,right,30.088367206292713,-6.774346038733141,-36.10977222515064,6.535569389712735,467.83374074083036,192.33784794675563,52.03079966607972,7.480865566345762,13.47711942862925,3.880504659715257,450.9912900260625,579.7338085405311,492.7356961083434,0.9229437633044699,0.8919345116300195,0.2293980538866317,493.6376070396766,575.3594947978665,484.58442166336147,6.21372701393228,0.9274905335299742,0.9523023698930687,-0.9052760265173765,78.30951999696579,2.6352388454965645,33.26879737308604,2.632447876439368,20.57068652865894,1.943573255302828,0.5934997275130537,1.0725328864596586,-14.773656755312437,1.01040070520102,0.5826976938205766,1,0,1,0,0,1,0,0,0,3.7705626821631535,6.0913258790812925,0.024911059153407786,169.45242218386596,65.68172294126188,6.903809767845521,38.937157167369826,11.304923169141043,5.677785437614608,0.215144554890609,-3.6437602495574684,75.57789820440246,-29.982059648594486,2.3692449066584746,81.49311656275843,75.8525060448738
s61,s61 synthetic_batter_61,1,right,43.32340129756312,-9.83388560919482,-40.89541269343257,2.8639761410331745,310.61365097068597,484.05357382105603,68.14426811398108,15.482350364368148,34.75820229234496,21.354574926253072,451.3041970340965,577.2426491787007,611.9295169090847,0.9658003301330929,0.6171861853905412,0.8106842223580066,462.5536555677602,565.4814553025788,553.084907533689,18.53062886864241,1.0298170835804792,1.4393911781543065,7.603052294476415,88.0526953878562,1.3308740916689863,38.15616922935424,43.7197598038696,20.559987879991574,2.502063495115962,0.8133045239186303,0.8420408300079136,-1.6800728520211372,0.7825585468841962,0.5384258012853029,0,0,0,0,1,0,0,0,0,3.893130093712431,5.6535906346595155,0.013231929384909965,203.6695194814775,103.9052956627922,4.228628028272691,46.171938004899175,15.174791200057868,10.267861622273443,0.17536406748558436,11.638337102037633,88.94855426086058,-31.06266163913736,2.5075271219000377,81.78086714275138,90.09247603640623
s62,s62 synthetic_batter_62,1,right,60.872170634829175,-29.976366249381286,-35.372562546990345,8.144208311522691,348.2956365295647,401.3228177408445,67.7414303667326,11.2207640911781,18.465061087500438,16.672170038044726,428.43516108919516,579.2223546966084,726.845198520955,0.5738008247560079,0.7012555399887141,0.6137867105482954,442.51798792710576,583.4200840577818,746.9671452560297,9.712793511328421,1.0964553460477682,1.591779682438141,2.3642913667954986,88.22388614314477,-1.7346979825989015,43.083631569225126,30.54763640182815,0.01581125364897762,3.210621543652567,1.0598831004201537,1.2047635769556688,-17.08645563264298,0.6590431745861831,0.6559250398902435,0,0,0,0,0,0,1,0,0,2.326903304993287,2.3948420017468988,0.01748003856295953,145.5767378493537,113.76730406486666,1.7050621002904114,47.406828770860045,12.5802856113777,15.243887957385123,0.1543838185242595,2.616545204663168,100.0,-37.01389278139557,3.2038268926945896,84.53433717173533,82.8207582139051
s63,s63 synthetic_batter_63,1,left,43.93418789737095,-9.460297713413917,-28.49871885879467,9.011843767130964,578.182436046377,604.2109586212904,76.43923505366502,12.556600499761476,34.23170495943102,27.05810289040782,468.1015221960427,640.3319661706847,767.7656235603291,1.1064553384560325,0.8471016681861528,0.6803981272467202,470.96613312163964,615.8347129470175,671.2013095190877,13.523949456128474,1.0529469855453906,1.3240540245806383,6.07411165023963,98.62240891108033,-6.854755909646239,46.78760539100292,44.3983274868836,5.181879720401845,1.4983076546986323,0.8466300990099025,0.9556130171760423,-1.67310193692572,0.7678225732386331,0.5985896013272252,0,1,0,0,0,0,0,0,0,3.336197850648856,3.209598858177335,0.005326059526456121,157.45322312916954,71.12744899093414,4.934176761289673,49.528360854958024,15.804482531665908,14.725437830489282,0.14789875874934832,4.516038691624293,100.0,-39.68042479522362,3.0095640572058637,89.45859843745984,101.30620734800287
s64,s64 synthetic_batter_64,1,left,52.41469648236661,-13.812067612303725,-56.83821718829209,17.711633049089585,445.4507972797852,423.5558207134707,56.592691263031845,11.891074484212089,17.804625063075445,20.417001461443892,543.6475328353742,623.2947271207987,656.505051558873,0.7003074443410894,0.5474583631625913,0.646112245423511,551.8961213018058,588.8897646557755,682.4408120084215,24.167840198495746,1.0500846911296666,1.423916534395095,6.593397333596576,80.55564357486037,-1.5939724516237428,53.07459221621919,34.963299475301184,11.842674367051035,3.540391600992372,0.669498492229207,1.0117068956659654,-20.884738254142654,0.9261766515162217,0.6116849668167474,0,0,0,0,0,0,1,0,0,3.295522243301591,2.874757812034262,0.012106247066364033,209.2173456467948,37.06762757887342,6.319268614579566,49.538975652997706,14.628156258417162,15.588128732973546,0.16065929377930924,5.03991109972878,88.58744932801396,-37.695780377671404,2.537478040097466,87.78399865124003,93.29207579155616
s65,s65 synthetic_batter_65,1,right,14.233969506027133,-27.01558884431547,-44.471267947136155,3.0208479626294125,596.9639285852845,426.73396924460826,57.87182296234612,9.647502225241338,19.8876205257337,24.54724153708335,505.107269629645,630.9633812481044,712.5458298325552,1.001291165134759,0.9159422195669736,0.6402802902489679,524.5475078866084,602.7567449803329,652.8615964136355,21.13694812307949,1.0976654560870402,1.091502076704544,2.8981513623296067,76.61836264257437,-2.1681067093744635,58.85727682517817,37.295565687413685,28.25523742193742,3.6537501422406473,1.0952629255075836,1.1864847750848577,-29.88036356930641,0.7593948470254708,0.4723930378288237,0,0,0,0,0,0,0,0,0,3.4447210629193035,3.9331763246303777,0.013123941734011237,183.61838781329934,46.19410333774343,5.361976541489269,46.76708941292725,15.087037078320636,18.565011013882923,0.14441612986543684,1.2753435582339627,82.64672836853414,-32.21604913448007,2.296965156712723,93.31634500450349,87.24713319872484
s66,s66 synthetic_batter_66,1,right,37.733621273409135,-17.63402635984559,-18.697677922326196,-8.612116630751114,358.2472127907464,485.8951667729649,53.260166184832414,-8.525920866241592,20.958930014741494,43.08571186493708,477.38660464210983,534.3569009805417,642.2509936598498,0.7383265352508167,0.9643856404739469,0.7276731103125715,457.1494466697907,515.312506061398,644.3893101645488,14.686065914397705,0.8662075473516448,1.3646298117844518,10.060070803576421,74.71614400035402,-0.8409105211208099,41.06706246869532,33.431159484902054,19.840793629711328,5.477532820818611,0.9155612133027027,0.7791611099034044,-14.405939439927543,0.7831050865078012,0.45188720860342596,1,0,0,0,0,0,0,1,1,3.309173661189842,6.876188139996894,0.02113426976863634,208.8623553160338,83.5739073437998,2.0037117710969765,44.70942013992443,13.013730815119102,9.858068206675982,0.16283246043048083,8.287673250961817,76.55619418282662,-27.659116101366656,2.8475534409408065,95.0567186086438,86.37357778359025
s67,s67 synthetic_batter_67,1,left,25.853560773202798,-11.160226254560957,-48.46143561886827,13.87215580722103,525.7000064903771,502.0582510111559,67.38805469497512,6.106577754896887,45.0,22.62847645022778,494.42664102282504,464.14499814709245,952.6233837674367,0.6404192132083331,0.8183782647162418,0.6418861740133289,516.37810549553,429.24078415332434,947.85663027432,10.284096093188802,1.068194864234337,1.1415874472990453,7.921844826020465,85.72627315231406,11.239151842842412,38.99874163488502,37.091109933260924,16.955177295987042,1.94682915840364,0.8253407741890996,0.7582536342840891,-36.79547064034817,0.658149765654796,0.5008053835869519,1,0,0,0,0,0,1,0,0,5.9612785028891135,7.474184553295997,0.006754283970829146,254.79065767646696,100.23560853144963,2.7814822771918855,45.31840299244611,15.010986722528981,12.419599757384688,0.13538452763609637,4.713975319511315,80.78029429416067,-27.488162914323397,2.889894307615613,81.63736386795026,79.35354421639047
s68,s68 synthetic_batter_68,1,right,26.420788102601303,-17.655933637634707,-54.14887776624464,3.2086280153856674,483.9868945590032,536.4880141429369,80.24101057652848,2.6303774481374314,26.39534436437731,30.37807051721793,482.7065915093262,527.693611844803,984.7414904342412,0.471386413557835,0.5551271697379113,0.8532407491956234,448.3815160871877,532.5553986166892,1031.5230163259967,14.61045238496451,1.0928500284215297,1.4515864052640417,8.029551094099801,89.88161480666199,-5.142636671247413,51.25511382084944,58.83614622849039,4.897696355605675,2.1673222077216927,0.8383699390992313,0.9462320294281027,-15.211959775749033,1.0197431733011846,0.47575062073593277,0,0,0,0,0,0,1,0,0,3.408822535560127,2.798727528636737,0.011848242544485153,123.26456009704613,37.33329730844739,2.4967045445793907,51.98525570377977,16.658474733610397,16.20322011432208,0.1761395551054682,4.27850008854853,95.18038286075316,-28.846938187583334,3.486766501747731,85.023106651551,86.25143782068031
s69,s69 synthetic_batter_69,1,right,26.573571023576537,-16.721318265119823,-36.58808507162535,14.659576638882756,432.14908280386425,274.94891689090844,54.05883322707497,-4.35245185206645,11.494352209491122,22.416629173170755,512.1099486041732,611.6264023379827,696.6981445107974,0.704466096571368,0.7582011390382097,0.6274875215020248,520.3191479249616,633.517872551494,689.5519377502418,14.907075009463707,1.0438723439958475,1.0835485675521903,3.283075436768045,82.94323762015995,0.533734114752157,52.063831024332984,40.95752590880976,0.9344029507590035,3.3582024892141162,0.967012796571176,1.0889959370533246,-0.6221570173791307,0.9514086290997787,0.6305999856237061,0,0,0,0,0,0,1,0,0,3.376543687602869,5.327496176872693,0.008701645054043798,135.88367251138618,70.03033802919383,2.4171949968966433,45.40613290169128,16.210401628798806,11.57342595636889,0.1307881291568592,2.795564492631997,75.45268591191972,-35.68778432033972,3.2460216771885446,79.3692464902391,96.47271548049221
s70,s70 synthetic_batter_70,1,right,29.47840982202713,-11.261166315497345,-24.089083636448894,6.689179712699502,486.5686678804269,439.7063400204985,50.5450295078974,17.7714847356741,25.52914867656381,23.83503719063642,439.1814779330202,491.64505221905125,623.246588850217,0.36855160186975905,0.8373573626391995,0.5953957730066275,443.65000201517836,444.032103195104,595.4810464043903,12.56752712603464,1.06941771549951,1.333931229046662,10.618630882773918,70.11718005156364,4.4107724034657885,38.28488869664838,8.357433067926895,14.311263067065916,3.156901167209085,0.742032986920673,0.6693574394588602,-41.016498757493856,0.9840567825463289,0.6656294711994084,0,0,0,0,0,0,0,0,1,2.9700863672472995,6.18266444580658,0.020152887484440506,170.56101189556296,89.03578628001344,5.75550667244257,39.945329196488665,12.79058678379832,15.728620639668717,0.15785593897859646,9.13631620697292,78.12155566994909,-31.87725083798006,2.769745812110711,97.88187168469216,101.47769437817823
s71,s71 synthetic_batter_71,1,right,48.00593763444702,-12.998635765876692,-35.87860952084036,2.3031777033526497,318.2009528174681,292.2989541804371,59.51549294304676,18.31552319784737,13.739872048778853,23.359555255930257,337.6335829831045,478.8818720446826,558.0797368616732,0.8518933487704687,0.32160559549781254,0.4553768731643587,322.2262557783018,479.6357333811636,537.8156290228251,12.339916884264131,0.8242168535071703,1.4228891690018184,2.906661374477551,83.77986360282111,-1.4119885154037026,53.07723430262416,32.531756127215644,-0.8052901138748805,1.5988796316673382,0.9406456782908338,0.6150216379972981,-33.26627098831128,1.0015764816227632,0.5516617937181366,0,1,1,1,1,0,0,0,0,3.542247616382493,5.853506058442582,0.021224334840532006,185.580765325777,99.598213286245,6.118187402557094,35.0,10.277628634046241,14.474290650686982,0.16856901466588983,5.674559588085788,84.77989014391238,-33.60671265018623,2.4122633556540984,88.07003902328907,93.11771167307215
s72,s72 synthetic_batter_72,1,right,16.882994564106774,-10.431539102534277,-18.767269178144836,6.862207995656489,277.914026595315,427.59902329760797,53.87667342165815,15.647396247916948,12.786835428832198,28.053338830950047,525.9090580163983,529.7496771183079,500.61891573825835,0.9698093532144869,0.5023795478736905,0.9212988930978461,525.3419261332571,523.1516032603179,551.5342264884449,13.01420470110199,0.8330883582851185,1.149632008399185,2.785428451843102,70.83718725934123,12.027070715032991,55.592758553086014,41.21433259225099,6.0925091921575785,1.8053108872892951,0.8789662782490415,1.0621738269470347,-29.749487952784353,0.9491176479594006,0.7052647439172441,1,0,0,1,0,0,0,0,0,4.696916634059949,5.707878963416428,0.023379399862244073,98.92814734374969,74.81217589679447,3.329043006045848,38.41522042221518,11.996607508116117,13.07813619893979,0.20981376328378432,3.5181200850103935,57.58606952285035,-33.00594881747375,1.5,89.40822116354475,88.81816797046591
s73,s73 synthetic_batter_73,1,right,42.67553207199785,-4.651976647223648,-30.12584171455007,23.031616182089213,408.8694781188806,334.7515512243432,72.68819429758179,8.615200344114449,26.58386711552416,37.26697353810897,458.41872786839514,658.8163091100621,774.5750756766527,0.6355000260919779,1.020490551764582,0.44279166896594513,442.8552240517563,669.0615696761662,796.0269544438884,15.145256581717726,1.0985701457730916,1.2075152408692662,8.805246972648865,93.01808121656515,-4.26823575038886,61.01913456499689,45.334001574116286,7.081776407984619,3.2555559086779047,0.8959071884580031,0.8615545649796774,-14.244228054272922,0.8041332284548953,0.6778412414871148,1,0,0,0,0,0,0,0,0,4.154304477256669,4.5217025269575375,0.009790886508355738,150.7301677489161,35.251414359189056,5.138506080238029,47.36231949878696,13.54285856319175,20.20171080609497,0.14034350869418405,9.468541172843823,91.31555074140596,-21.814360515200935,3.459844710655112,80.95983398257147,89.42251144816161
s74,s74 synthetic_batter_74,1,right,33.712892773546606,-36.68416450945106,-29.087247227757494,23.673608823473202,470.1718230653374,500.893700407582,34.73602908527067,16.853664033915585,18.406551086229857,41.50119236829751,365.6845619606362,599.5195239795898,664.4608626056543,0.8165440020031713,0.866993706745335,0.8762848877846497,338.8920287890926,599.1313609364822,649.0356633447278,9.49363527587582,1.0565049490698935,1.0149662590292576,20.426555409227905,100.0,-0.055464666079717784,66.403794419248,25.32599202149677,20.743296712982463,1.5611458043520279,0.8717847997620819,0.8859530676224701,-18.82196785249713,0.8261261536566082,0.5719281239837883,1,0,0,0,0,0,0,0,0,4.15631405745604,6.585398590875976,0.018583688884502427,145.57287697938077,79.69029798508238,5.220267241831179,50.988683206751745,16.803743331807087,9.892784288186405,0.13831540323173863,18.56875439034178,100.0,-40.810001185018066,3.67137066927451,88.20684158219754,85.7817332095569
s75,s75 synthetic_batter_75,1,right,38.41848094388293,-19.43943895251866,-34.90540480403292,6.549520638637528,317.93103413383625,404.94428109100767,53.02223104748484,6.923916911891643,21.116052635638603,29.096898423797995,430.5586700929702,575.7718357923075,791.5692944533264,0.6624319166948945,0.9438299133656926,0.9544389796206711,421.7183015526291,532.1638573943585,782.1114376547458,14.3225680543339,1.099262023297648,1.3631046328745402,-2.001383835168159,88.30078943368625,-6.792834469357892,35.48370434561049,45.35405830288533,5.162421576322579,2.183029064477072,0.8548284084404459,0.6473843343095602,3.3279517783488544,0.7761980782319576,0.4583834311591651,0,0,1,0,0,0,0,0,0,3.2759979167693487,5.414281996845803,0.019427633412780556,185.00809363985564,82.31170355388689,3.0761308796280966,52.8033946842558,17.604906594540182,15.306599797466808,0.1354743453706006,-2.3039548746180984,87.11567006848742,-33.1733840796113,3.158057274493653,91.99419147518401,104.03222226005404
s76,s76 synthetic_batter_76,1,right,52.4259130777706,-12.005903715517954,-6.952249810962563,5.848612695135063,452.7144631696527,302.85376349526774,49.5053591196514,7.091319447039989,17.740708698847154,30.187888536499397,382.9816172596147,635.6059583686988,565.6180479555957,0.6023457383045964,1.1373378983760767,0.46066362596317073,355.3819013753232,597.7342794029838,502.9309643321778,17.810347678914447,0.9886159889955795,1.221904137318313,12.108780558859678,85.33088108371777,-4.109148410859759,44.65323934860568,39.882572008691824,-11.513997108580924,2.502798515933571,0.9543161568809183,0.8148718983750509,-5.193232383850544,1.1669869942129942,0.712164072971926,0,0,0,0,0,0,0,0,0,2.186305933219652,3.443259173890622,0.006348783343370259,193.34737061796042,73.65225268932221,4.6545379741562565,38.85220335163082,15.395740316553244,14.248369564021745,0.19728263566699877,13.011283317938279,88.90591013868564,-25.941255464019218,1.864451695216798,85.89073154139669,89.15061652104431
s77,s77 synthetic_batter_77,1,right,48.413369763530056,-13.12919613448857,-43.33594623367142,14.790600737566342,380.095747568015,527.9685088577078,34.0090001503724,-2.458551024540256,21.156749564599313,13.85937329371851,480.4616113391193,690.7658700707791,688.2653097597387,0.9061993146376521,0.9084273500965592,1.0398014709339676,488.5315479414505,691.6485773383283,703.8042777938003,9.822215672341258,1.115461700452767,1.1135228825588048,-7.347361375837247,80.2195261213718,-0.5063965376200525,45.324901626752855,60.62699961852759,12.035557181299747,3.709029490456694,0.7566492948539094,0.9543728357643024,-8.769829310917565,0.9079293246247417,0.5415892045823159,0,0,0,0,0,0,0,0,0,3.3196635011409956,5.414767237246515,0.016852991828942163,143.02302266805884,75.52739815589933,1.5834768462399902,45.02414441997774,13.661523025667591,11.631874731695266,0.1,-5.556872026555558,75.96940528281033,-39.32945747516769,2.660919586067995,94.48709449217648,103.39446482744025
s78,s78 synthetic_batter_78,1,right,61.95210401170999,-20.319913516015127,-69.34819602713691,-1.6802919573395005,563.2956008910417,504.7042248825398,51.22109556137227,9.890706421204646,22.368552916899983,25.069560544363043,479.22915630828294,646.5094634679634,809.31070951472,0.7865711865354976,0.9877041053601391,0.8850946029642026,450.47701895447386,677.3728910603287,738.9180812069013,15.505067367275599,1.1620484127570105,1.473493385270006,9.934171434729372,72.96083579722792,3.0778243738463784,44.579724849536085,22.683233457472152,2.407825175168589,1.9392818023124703,0.6868550989532456,1.1366057275623342,-11.43115747162754,0.7743862551004221,0.55308992038826,1,0,0,0,1,0,1,0,0,1.6191498952495764,5.190034222506141,0.01744677345562896,178.91566470524373,53.712233552653046,3.4433338464530214,51.409088704752946,16.129554897110722,16.083273055778815,0.12576848184592437,9.699441868433459,66.43092393328988,-35.21873712633125,2.2792513271431574,102.36891076423895,100.10206003807934
s79,s79 synthetic_batter_79,1,right,36.39710520708844,-28.37691143474168,-17.170910622651416,7.546100291180421,181.3283605310297,374.37447655290816,48.41031292514438,6.106405926966046,0.37626823705629775,33.83249045783299,433.883939944015,625.8018214487522,762.8831705274008,1.0542686984128893,1.319354153507221,0.7781840752370562,451.68336551879133,559.3762003174621,792.9550291608191,11.079286758064162,1.0764467691683772,1.2526123783010297,18.581846041011328,77.58685160322347,-0.08543099585855485,36.8766827716407,23.29178026927088,8.341048195501974,0.2595639463036705,0.9092001469881407,0.802846857100868,-11.359122486675437,0.91442314995117,0.5210639247744014,0,0,1,0,0,0,0,0,0,1.9278572316598865,5.141164412841954,0.013448935351428423,205.14668539788656,58.203183166379134,4.7997240525631515,45.933974177383206,14.007961507436768,10.169882859980586,0.22067515166971174,21.27965548932185,77.22962458798544,-34.645192487838194,2.805244885233739,82.03404235469915,80.47949248321598
